id,type,vaccinated,weight
1,cow,1,150
2,cow,1,480
3,cow,1,515
4,cow,0,435
5,cow,1,498
6,cow,1,522
7,sheep,1,75
8,sheep,1,82
9,sheep,0,68.5
10,sheep,1,79.5
11,sheep,1,71
12,goat,1,55
13,goat,0,48
14,goat,1,62
15,goat,1,51.5
16,goat,1,58
17,chicken,1,14
18,chicken,1,3.0999999046326
19,chicken,0,14
20,chicken,1,2.9000000953674
21,chicken,1,3.2000000476837
22,goat,1,414
23,goat,1,414
24,goat,1,200
25,cow,1,14
26,sheep,0,14
27,chicken,1,67
